MRF_Province,MRF_District,MRF_Facility,Facility_datim,TX_CURR _datim,TX_CURR _mrf,Concordance,Province,District,Facility Name,Source,Source2,datim site name,facility id
Bulawayo Metropolitan,Emakhandeni,Cowdray Park Health Centre,Cowdry Park Health Centre,250,332,,Bulawayo,Bulawayo,Cowdry Park Health Centre,DPL,DPL,Cowdry Park Health Centre,142
Bulawayo Metropolitan,Northern Suburbs,EF Watson,E.F. Watson - 100429 - Clinic,1146,1919,,Bulawayo,Bulawayo,E.F. Watson - 100429 - Clinic,DPL,DPL,E.F. Watson - 100429 - Clinic,ZW090A03
Bulawayo Metropolitan,Emakhandeni,Emakhandeni,Emakhandeni - 100443 - Clinic,2743,4404,,Bulawayo,Bulawayo,Emakhandeni - 100443 - Clinic,DPL,DPL,Emakhandeni - 100443 - Clinic,ZW090A01
Bulawayo Metropolitan,Northern Suburbs,Entumbane,Entumbane - 100449 - Clinic,2097,2340,,Bulawayo,Bulawayo,Entumbane - 100449 - Clinic,DPL,DPL,Entumbane - 100449 - Clinic,ZW090A04
Bulawayo Metropolitan,Northern Suburbs,Khami Road,Khami - 100733 - Clinic,2215,3250,,Bulawayo,Bulawayo,Khami - 100733 - Clinic,DPL,DPL,Khami - 100733 - Clinic,ZW090A05
Bulawayo Metropolitan,Emakhandeni,Luveve,Luveve - 100786 - Clinic,3859,5079,,Bulawayo,Bulawayo,Luveve - 100786 - Clinic,DPL,DPL,Luveve - 100786 - Clinic,ZW090A06
Bulawayo Metropolitan,Emakhandeni,Magwegwe,Magwegwe - 100824 - Clinic,2477,3085,,Bulawayo,Bulawayo,Magwegwe - 100824 - Clinic,DPL,DPL,Magwegwe - 100824 - Clinic,ZW090A07
Bulawayo Metropolitan,Nkulumane,Maqhawe,Maqhawe - 100893 - Clinic,2575,3008,,Bulawayo,Bulawayo,Maqhawe - 100893 - Clinic,DPL,DPL,Maqhawe - 100893 - Clinic,ZW090A33
Bulawayo Metropolitan,Northern Suburbs,Mzilikazi,Mzilikazi - 101202 - Clinic,4047,4361,,Bulawayo,Bulawayo,Mzilikazi - 101202 - Clinic,DPL,DPL,Mzilikazi - 101202 - Clinic,ZW090A08
Bulawayo Metropolitan,Nkulumane,Nkulumane,Nkulumane - 101278 - Clinic,3760,4249,,Bulawayo,Bulawayo,Nkulumane - 101278 - Clinic,DPL,DPL,Nkulumane - 101278 - Clinic,ZW090A10
Bulawayo Metropolitan,Northern Suburbs,Northern Suburbs,Northern Suburbs - 101290 - Clinic,3117,3408,,Bulawayo,Bulawayo,Northern Suburbs - 101290 - Clinic,DPL,DPL,Northern Suburbs - 101290 - Clinic,ZW090A18
Bulawayo Metropolitan,Northern Suburbs,Princess Margaret,Princess Margaret - 101429 - Clinic,2657,2582,,Bulawayo,Bulawayo,Princess Margaret - 101429 - Clinic,DPL,DPL,Princess Margaret - 101429 - Clinic,ZW090A12
Bulawayo Metropolitan,Emakhandeni,Pumula,Pumula - 101432 - Clinic,2688,3046,,Bulawayo,Bulawayo,Pumula - 101432 - Clinic,DPL,DPL,Pumula - 101432 - Clinic,ZW090A13
Bulawayo Metropolitan,Emakhandeni,Pumula South,Pumula South - 101434 - Clinic,2169,2182,,Bulawayo,Bulawayo,Pumula South - 101434 - Clinic,DPL,DPL,Pumula South - 101434 - Clinic,ZW090A35
Bulawayo Metropolitan,Bulawayo Central Hospitals,United Bulawayo,United Bulawayo Hospital - 101723,1470,5457,,Bulawayo,Bulawayo,United Bulawayo Hospital - 101723,DPL,DPL,United Bulawayo Hospital - 101723 - Central Hospital,
Bulawayo Metropolitan,Northern Suburbs,Khami - Ceshhar,Cesshar,28,58,,Bulawayo,Bulawayo,Cesshar,Mobile,DPL,Cesshar,ZW090A49
Bulawayo Metropolitan,Emakhandeni,Cowdray Park,Cowdray Park - 100348 - Clinic,1854,2252,,Bulawayo,Bulawayo,Cowdray Park - 100348 - Clinic,Mobile,DPL,Cowdray Park - 100348 - Clinic,ZW090A27
Bulawayo Metropolitan,Nkulumane,Dr Shennan,Dr. Shennan - 100418 - Clinic,845,861,,Bulawayo,Bulawayo,Dr. Shennan - 100418 - Clinic,Mobile,DPL,Dr. Shennan - 100418 - Clinic,ZW090A14
Bulawayo Metropolitan,Emganwini,Emganwini,Emganwini Clinic,17,18,,Bulawayo,Bulawayo,Emganwini Clinic,Mobile,DPL,Emganwini Clinic,ZW090A65
Bulawayo Metropolitan,Ingutsheni,Ingutsheni,Ingutsheni - 100638 - Central Hospital,603,644,,Bulawayo,Bulawayo,Ingutsheni - 100638 - Central Hospital,Mobile,manual,,
Bulawayo Metropolitan,Northern Suburbs,Mahatshula,Mahatshula Clinic,193,181,,Bulawayo,Bulawayo,Mahatshula Clinic,Mobile,DPL,Mahatshula Clinic,ZW090A66
Bulawayo Metropolitan,Bulawayo Central Hospitals,Mpilo,Mpilo - 101041 - Central Hospital,5162,10898,,Bulawayo,Bulawayo,Mpilo - 101041 - Central Hospital,Mobile,manual,,
Bulawayo Metropolitan,Emakhandeni,Njube,Njube - 101273 - Clinic,2357,2399,,Bulawayo,Bulawayo,Njube - 101273 - Clinic,Mobile,DPL,Njube - 101273 - Clinic,ZW090A09
Bulawayo Metropolitan,Nkulumane,Nketa,Nketa - 101276 - Clinic,4049,4001,,Bulawayo,Bulawayo,Nketa - 101276 - Clinic,Mobile,DPL,Nketa - 101276 - Clinic,ZW090A17
Bulawayo Metropolitan,Nkulumane,Pelandaba,Pelandaba - 101412 - Clinic,2742,3255,,Bulawayo,Bulawayo,Pelandaba - 101412 - Clinic,Mobile,DPL,Pelandaba - 101412 - Clinic,ZW090A11
Bulawayo Metropolitan,Northern Suburbs,Thorngrove Infectious Diseases,Thorngrove,0,0,,Bulawayo,Bulawayo,Thorngrove,Mobile,DPL,Thorngrove,ZW090A0E
Bulawayo Metropolitan,Nkulumane,Tshabalala,Tshabalala - 101710 - Clinic,1768,2028,,Bulawayo,Bulawayo,Tshabalala - 101710 - Clinic,Mobile,DPL,Tshabalala - 101710 - Clinic,ZW090A02
Harare Metropolitan,Chitungwiza,Seke North,Seke North - 101533 - Clinic,5964,6824,,Harare,Chitungwiza,Seke North - 101533 - Clinic,DPL,DPL,Seke North - 101533 - Clinic,ZW000B02
Harare Metropolitan,Chitungwiza,Zengeza,Zengeza Clinic - 100305 - Council Clinic,6062,6252,,Harare,Chitungwiza,Zengeza Clinic - 100305 - Council Clinic,DPL,DPL,Zengeza Clinic - 100305 - Council Clinic,ZW000B04
Harare Metropolitan,Chitungwiza,Seke South,Seke South - 101534 - Clinic,5131,6432,,Harare,Chitungwiza,Seke South - 101534 - Clinic,Mobile,DPL,Seke South - 101534 - Clinic,ZW000B01
Harare Metropolitan,Chitungwiza,St Mary's,St. Mary's - 101633 - Clinic,6695,6925,,Harare,Chitungwiza,St. Mary's - 101633 - Clinic,Mobile,DPL,St. Mary's - 101633 - Clinic,ZW000B03
Harare Metropolitan,Epworth,Epworth Polyclinic,Epworth - 100451 - Poly Clinic,10318,11460,,Harare,Epworth,Epworth - 100451 - Poly Clinic,DPL,DPL,Epworth - 100451 - Poly Clinic,ZW030926
Harare Metropolitan,Epworth,Epworth Mission,Epworth - 100452 - Mission Clinic,1429,2940,,Harare,Epworth,Epworth - 100452 - Mission Clinic,Mobile,DPL,Epworth - 100452 - Mission Clinic,ZW030990
Harare Metropolitan,Epworth,Overspill,Overspill - 101399 - Satellite Clinic,6908,8190,,Harare,Epworth,Overspill - 101399 - Satellite Clinic,Mobile,DPL,Overspill - 101399 - Satellite Clinic,ZW030927
Harare Metropolitan,Harare City,Belvedere Satellite,Belvedere - 100055 - Poly clinic,400,1840,,Harare,Harare,Belvedere - 100055 - Poly clinic,DPL,DPL,Belvedere - 100055 - Poly clinic,ZW000A05
Harare Metropolitan,Harare City,Braeside FHS,Braeside - 100091 - Clinic,286,509,,Harare,Harare,Braeside - 100091 - Clinic,DPL,DPL,Braeside - 100091 - Clinic,ZW000A08
Harare Metropolitan,Harare City,Budiriro Poly,Budiriro - 100098 - Poly Clinic,40,5331,,Harare,Harare,Budiriro - 100098 - Poly Clinic,DPL,DPL,Budiriro - 100098 - Poly Clinic,ZW000A09
Harare Metropolitan,Harare City,Glen Norah Satellite,Glen Norah - 100506 - Satellite clinic,316,2349,,Harare,Harare,Glen Norah - 100506 - Satellite clinic,DPL,DPL,Glen Norah - 100506 - Satellite clinic,ZW000A11
Harare Metropolitan,Harare City,Glen View Poly,Glen View - 100507 - Poly clinic,4929,5625,,Harare,Harare,Glen View - 100507 - Poly clinic,DPL,DPL,Glen View - 100507 - Poly clinic,ZW000A13
Harare Metropolitan,Harare City,Hatfield,Hatfield - 100585 - Clinic,323,2717,,Harare,Harare,Hatfield - 100585 - Clinic,DPL,DPL,Hatfield - 100585 - Clinic,ZW000A44
Harare Metropolitan,Harare City,Highfield Poly,Highfield - 100593 - Poly Clinic,3864,4862,,Harare,Harare,Highfield - 100593 - Poly Clinic,DPL,DPL,Highfield - 100593 - Poly Clinic,ZW000A18
Harare Metropolitan,Harare City,Kambuzuma,Kambuzuma - 100695 - Poly clinic,971,3065,,Harare,Harare,Kambuzuma - 100695 - Poly clinic,DPL,DPL,Kambuzuma - 100695 - Poly clinic,ZW000A19
Harare Metropolitan,Harare City,Kuwadzana PolyClinic,Kuwadzana - 100751 - Poly Clinic,4838,5353,,Harare,Harare,Kuwadzana - 100751 - Poly Clinic,DPL,DPL,Kuwadzana - 100751 - Poly Clinic,ZW000A20
Harare Metropolitan,Harare City,Kuwadzana Phase 4,Kuwadzana Phase 4 -101851- Clinic,866,1962,,Harare,Harare,Kuwadzana Phase 4 -101851- Clinic,DPL,DPL,Kuwadzana Phase 4 -101851- Clinic,ZW000A68
Harare Metropolitan,Harare City,Mabelreign Satellite,Mabelreign - 100791 - satellite clinic,879,2253,,Harare,Harare,Mabelreign - 100791 - satellite clinic,DPL,DPL,Mabelreign - 100791 - satellite clinic,ZW000A21
Harare Metropolitan,Harare City,Mabvuku Poly,Mabvuku - 100797 - Poly Clinic,4811,4730,,Harare,Harare,Mabvuku - 100797 - Poly Clinic,DPL,DPL,Mabvuku - 100797 - Poly Clinic,ZW000A23
Harare Metropolitan,Harare City,Marlborough Satellite,Malborough - 100860 - Council Clinic,1985,1979,,Harare,Harare,Malborough - 100860 - Council Clinic,DPL,DPL,Malborough - 100860 - Council Clinic,ZW000A45
Harare Metropolitan,Harare City,Matapi,Matapi - 100944 - Clinic,818,1636,,Harare,Harare,Matapi - 100944 - Clinic,DPL,DPL,Matapi - 100944 - Clinic,ZW000A25
Harare Metropolitan,Harare City,Mbare PolyClinic,Mbare - 100987 - Poly clinic,4597,6856,,Harare,Harare,Mbare - 100987 - Poly clinic,DPL,DPL,Mbare - 100987 - Poly clinic,ZW000A27
Harare Metropolitan,Harare City,Mbare Hostels,Mbare Hostels - 100988 - Clinic,1349,2110,,Harare,Harare,Mbare Hostels - 100988 - Clinic,DPL,DPL,Mbare Hostels - 100988 - Clinic,ZW000A26
Harare Metropolitan,Harare City,Parirenyatwa,Parirenyatwa Primary Care - 101852,1251,2372,,Harare,Harare,Parirenyatwa Primary Care - 101852,DPL,DPL,Parirenyatwa Primary Care - 101852 - Clinic,
Harare Metropolitan,Harare City,Rutsanana Poly,Rutsanana - 101491 - Clinic,3900,4057,,Harare,Harare,Rutsanana - 101491 - Clinic,DPL,DPL,Rutsanana - 101491 - Clinic,ZW000A34
Harare Metropolitan,Harare City,Tafara FHS,Tafara - 101669 - Clinic,761,1268,,Harare,Harare,Tafara - 101669 - Clinic,DPL,DPL,Tafara - 101669 - Clinic,ZW000A38
Harare Metropolitan,Harare City,Warren Park PolyClinic,Warren Park - 101760 - Poly clinic,3212,3448,,Harare,Harare,Warren Park - 101760 - Poly clinic,DPL,DPL,Warren Park - 101760 - Poly clinic,ZW000A39
Harare Metropolitan,Harare City,Arcadia,Arcadia - 100015 - Clinic,603,973,,Harare,Harare,Arcadia - 100015 - Clinic,Mobile,DPL,Arcadia - 100015 - Clinic,ZW000A02
Harare Metropolitan,Harare City,Avondale,Avondale - 100030 - Clinic,1274,1314,,Harare,Harare,Avondale - 100030 - Clinic,Mobile,DPL,Avondale - 100030 - Clinic,ZW000A01
Harare Metropolitan,Harare City,Beatrice Road,Beatrice Infectious - 100050 - Hospital,1233,3032,,Harare,Harare,Beatrice Infectious - 100050 - Hospital,Mobile,DPL,Beatrice Infectious - 100050 - Hospital,ZW000A0C
Harare Metropolitan,Harare City,Borrowdale,Borrowdale - 100086 - Clinic,1199,1268,,Harare,Harare,Borrowdale - 100086 - Clinic,Mobile,DPL,Borrowdale - 100086 - Clinic,ZW000A07
Harare Metropolitan,Harare City,Budiriro Satellite,Budiriro - 101889 - Satelite Clinic,107,1533,,Harare,Harare,Budiriro - 101889 - Satelite Clinic,Mobile,DPL,Budiriro - 101889 - Satelite Clinic,ZW000A69
Harare Metropolitan,Harare City,Mbare Hostel CeSHHAR  Sisters',Cesshar Mbare,34,59,,Harare,Harare,Cesshar Mbare,Mobile,DPL,Cesshar Mbare,ZW000A2601
Harare Metropolitan,Harare City,Eastley FHS,Eastly - 100433 - Clinic,21,275,,Harare,Harare,Eastly - 100433 - Clinic,Mobile,DPL,Eastly - 100433 - Clinic,ZW000A10
Harare Metropolitan,Harare City,Glen View Satellite,Glen View - 100508 - Satellite clinic,823,1322,,Harare,Harare,Glen View - 100508 - Satellite clinic,Mobile,DPL,Glen View  - 100508 - Satellite clinic,ZW000A14
Harare Metropolitan,Harare City,Harare City,Greendale - 100535 - Clinic,223,324,,Harare,Harare,Greendale - 100535 - Clinic,Mobile,DPL,Greendale - 100535 - Clinic,ZW000A15
Harare Metropolitan,Harare City,Hatcliffe Poly,Hatcliffe - 100584 - Poly clinic,3494,5236,,Harare,Harare,Hatcliffe - 100584 - Poly clinic,Mobile,DPL,Hatcliffe - 100584 - Poly clinic,ZW000A17
Harare Metropolitan,Harare City,Highlands FHS,Highlands - 100596 - Clinic,6,112,,Harare,Harare,Highlands - 100596 - Clinic,Mobile,DPL,Highlands - 100596 - Clinic,ZW000A52
Harare Metropolitan,Harare City,Highlands Primary Care,Highlands PCC,267,2064,,Harare,Harare,Highlands PCC,Mobile,DPL,Highlands PCC,ZW000A46
Harare Metropolitan,Harare City,Hopley,Hopley - 100608 - Clinic,2754,4687,,Harare,Harare,Hopley - 100608 - Clinic,Mobile,DPL,Hopley - 100608 - Clinic,ZW000A53
Harare Metropolitan,Harare City,Mabvuku Satellite,Mabvuku - 100796 - Clinic,845,1755,,Harare,Harare,Mabvuku - 100796 - Clinic,Mobile,DPL,Mabvuku - 100796 - Clinic,ZW000A47
Harare Metropolitan,Harare City,Mount Pleasant,Mt. Pleasant - 101062 - Clinic,171,1267,,Harare,Harare,Mt. Pleasant - 101062 - Clinic,Mobile,DPL,Mt. Pleasant - 101062 - Clinic,ZW000A28
Harare Metropolitan,Harare City,Mufakose Poly,Mufakose - 101085 - Poly clinic,3775,3805,,Harare,Harare,Mufakose - 101085 - Poly clinic,Mobile,DPL,Mufakose - 101085 - Poly clinic,ZW000A29
Harare Metropolitan,Harare City,Mufakose FHS,Mufakose FHS,10,365,,Harare,Harare,Mufakose FHS,Mobile,DPL,Mufakose FHS,ZW000A114
Harare Metropolitan,Harare City,Rujeko,Rujeko - 101469 - Poly clinic,1791,4787,,Harare,Harare,Rujeko - 101469 - Poly clinic,Mobile,DPL,Rujeko  - 101469 - Poly clinic,ZW000A33
Harare Metropolitan,Harare City,Southerton,Southerton - 101619 - Clinic,0,579,,Harare,Harare,Southerton - 101619 - Clinic,Mobile,DPL,Southerton - 101619 - Clinic,ZW000A35
Harare Metropolitan,Harare City,Stoneridge,Stoneridge,305,325,,Harare,Harare,Stoneridge,Mobile,DPL,Stoneridge,694
Harare Metropolitan,Harare City,Wilkins Infectious Diseases,Wilkins Infectious Disease Hospital,3382,3758,,Harare,Harare,Wilkins Infectious Disease Hospital,Mobile,DPL,Wilkins Infectious Disease Hospital - 101775 - Infectious Disease Hospital,ZW000A0D
Harare Metropolitan,Ruwa,Ruwa PolyClinic,Ruwa - 101493 - Rural Health Centre,39,2128,,Harare,Ruwa,Ruwa - 101493 - Rural Health Centre,DPL,DPL,Ruwa - 101493 - Rural Health Centre,ZW030273
Harare Metropolitan,Ruwa,Ruwa Rehabilitation,Ruwa Rehabilitation - 101495,404,3664,,Harare,Ruwa,Ruwa Rehabilitation - 101495,Mobile,Mobile,Ruwa - 101494 - Poly Clinic,623
Manicaland,Mutare,Zimunya,Zimunya - 101805 - Clinic,304,999,,Manicaland,Mutare,Zimunya - 101805 - Clinic,DPL,DPL,Zimunya - 101805 - Clinic,ZW010539
Mashonaland Central,Guruve,Bakasa,Bakasa - 100035 - Clinic,500,479,,Mash. Central,Guruve,Bakasa - 100035 - Clinic,Mobile,DPL,Bakasa - 100035 - Clinic,ZW020326
Mashonaland Central,Guruve,Bepura,Bepura - 100058 - Clinic,718,1056,,Mash. Central,Guruve,Bepura - 100058 - Clinic,Mobile,Mobile,Bepura - 100058 - Clinic,ZW020327
Mashonaland Central,Guruve,Guruve,Guruve - 100553 - District Hospital,484,1353,,Mash. Central,Guruve,Guruve - 100553 - District Hospital,Mobile,Mobile,Guruve - 100553 - District Hospital,ZW02030B
Mashonaland Central,Guruve,Guruve Centre Rural Health,Guruve - 100554 - Clinic,1013,996,,Mash. Central,Guruve,Guruve - 100554 - Clinic,Mobile,Mobile,Guruve - 100554 - Clinic,ZW020308
Mashonaland Central,Mazowe,Bare,Bare - 100046 - Clinic,782,962,,Mash. Central,Mazowe,Bare - 100046 - Clinic,Mobile,Mobile,Bare - 100046 - Clinic,ZW020425
Mashonaland Central,Mazowe,Concession,Concession - 100345 - District Hospital,1728,2414,,Mash. Central,Mazowe,Concession - 100345 - District Hospital,Mobile,Mobile,Concession  - 100345 - District Hospital,ZW02040A
Mashonaland Central,Mazowe,Dambo,Dambo - 100361 - Clinic,709,820,,Mash. Central,Mazowe,Dambo - 100361 - Clinic,Mobile,Mobile,Dambo - 100361 - Clinic,ZW020484
Mashonaland Central,Mazowe,Donje,Donje - 100409 - Clinic,477,698,,Mash. Central,Mazowe,Donje - 100409 - Clinic,Mobile,Mobile,Donje - 100409 - Clinic,ZW020406
Mashonaland Central,Mazowe,Henderson,Henderson Research - 100590 - Clinic,984,1020,,Mash. Central,Mazowe,Henderson Research - 100590 - Clinic,Mobile,Mobile,Henderson Research - 100590 - Clinic,ZW020475
Mashonaland Central,Mazowe,Howard,Howard - 100611 - Mission Hospital,48,2153,,Mash. Central,Mazowe,Howard - 100611 - Mission Hospital,Mobile,Mobile,Howard - 100611 - Mission Hospital,ZW02040C
Mashonaland Central,Mazowe,Mvurwi,Mvurwi - 101192 - Hospital,810,2560,,Mash. Central,Mazowe,Mvurwi - 101192 - Hospital,Mobile,Mobile,Mvurwi - 101192 - Hospital,ZW02040E
Mashonaland Central,Mazowe,Nzvimbo,Nzvimbo - 101391 - Clinic,811,1068,,Mash. Central,Mazowe,Nzvimbo - 101391 - Clinic,Mobile,Mobile,Nzvimbo - 101391 - Clinic,ZW020432
Mashonaland Central,Mazowe,Rosa Rural,Rosa - 101459 - Rural Hospital,90,2002,,Mash. Central,Mazowe,Rosa - 101459 - Rural Hospital,Mobile,Mobile,Rosa - 101459 - Rural Hospital,ZW02040B
Mashonaland Central,Mazowe,Suoguru,Suoguru Clinic,614,1210,,Mash. Central,Mazowe,Suoguru Clinic,Mobile,Mobile,Suoguru Clinic,ZW020488
Mashonaland Central,Mazowe,Tsungubvi,Tsungubvi - 101717 - Clinic,1852,2576,,Mash. Central,Mazowe,Tsungubvi - 101717 - Clinic,Mobile,Mobile,Tsungubvi - 101717 - Clinic,ZW020447
Mashonaland Central,Mbire,Angwa,Angwa - 100010 - Clinic,159,170,,Mash. Central,Mbire,Angwa - 100010 - Clinic,Mobile,Mobile,Angwa - 100010 - Clinic,ZW020821
Mashonaland Central,Mbire,Chitsungo,Chitsungo - 100303 - District Hospital,425,507,,Mash. Central,Mbire,Chitsungo - 100303 - District Hospital,Mobile,Mobile,Chitsungo - 100303 - District Hospital,ZW02080B
Mashonaland Central,Mbire,Mahuwe,Mahuwe - 100830 - Clinic,448,535,,Mash. Central,Mbire,Mahuwe - 100830 - Clinic,Mobile,Mobile,Mahuwe - 100830 - Clinic,ZW020833
Mashonaland Central,Mbire,Mushumbi RHC,Mushumbi - 101148 - Clinic,103,706,,Mash. Central,Mbire,Mushumbi - 101148 - Clinic,Mobile,Mobile,Mushumbi - 101148 - Clinic,ZW020803
Mashonaland Central,Mount Darwin,Karanda,Karanda - 100709 - Mission Hospital,813,813,,Mash. Central,Mt Darwin,Karanda - 100709 - Mission Hospital,DPL,DPL,Karanda - 100709 - Mission Hospital,ZW02050B
Mashonaland Central,Mount Darwin,Matope,Matope - 100958 - Clinic,520,552,,Mash. Central,Mt Darwin,Matope - 100958 - Clinic,DPL,DPL,Matope - 100958 - Clinic,ZW020532
Mashonaland Central,Mount Darwin,Mount Darwin,Mt. Darwin - 101058 - District Hospital,1704,3689,,Mash. Central,Mt Darwin,Mt. Darwin - 101058 - District Hospital,Mobile,Mobile,Mt. Darwin - 101058 - District Hospital,ZW02050A
Mashonaland Central,Mount Darwin,Pfunyanguwo Rural Health Centre,Pfunyanguwo - 101414 - Clinic,269,329,,Mash. Central,Mt Darwin,Pfunyanguwo - 101414 - Clinic,Mobile,Mobile,Pfunyanguwo - 101414 - Clinic,ZW020505
Mashonaland Central,Mount Darwin,Tsakare Rural Health Centre,Tsakare - 101708 - Clinic,147,370,,Mash. Central,Mt Darwin,Tsakare - 101708 - Clinic,Mobile,Mobile,Tsakare - 101708 - Clinic,ZW020506
Mashonaland East,Goromonzi,Caledonia,Caledonia - 100115 - Clinic,1782,3012,,Mash. East,Goromonzi,Caledonia - 100115 - Clinic,DPL,Mobile,Caledonia - 100115 - Clinic,ZW000A57
Mashonaland East,Marondera,Kushinga Phikhelela Rural Health Centre,Kushinga Phikelela - 100749 - Clinic,801,971,,Mash. East,Marondera,Kushinga Phikelela - 100749 - Clinic,DPL,DPL,Kushinga Phikelela - 100749 - Clinic,ZW030504
Mashonaland East,Murewa,Murewa Gvt,Murewa - 101129 - District Hospital,1612,1814,,Mash. East,Murehwa,Murewa - 101129 - District Hospital,DPL,DPL,Murewa - 101129 - District Hospital,ZW03070A
Mashonaland East,Uzumba Maramba Pfungwe,Mutawatawa,Mutawatawa - 101170 - District Hosptal,649,761,,Mash. East,UMP,Mutawatawa - 101170 - District Hosptal,DPL,DPL,Mutawatawa - 101170 - District Hosptal,ZW03030A
Mashonaland East,Goromonzi,Bromley,Bromley - 100093 - Rural Health Centre,398,899,,Mash. East,Goromonzi,Bromley - 100093 - Rural Health Centre,Mobile,Mobile,Bromley - 100093 - Rural Health Centre,ZW030245
Mashonaland East,Goromonzi,Chinyika,Chinyika - 100242 - Clinic,1297,1318,,Mash. East,Goromonzi,Chinyika - 100242 - Clinic,Mobile,Mobile,Chinyika - 100242 - Clinic,ZW030226
Mashonaland East,Goromonzi,Henry John Reimer,John Reimer - 100668 - Clinic,443,669,,Mash. East,Goromonzi,John Reimer - 100668 - Clinic,Mobile,Mobile,John Reimer - 100668 - Clinic,ZW030247
Mashonaland East,Goromonzi,Kowoyo,Kowoyo - 100742 - Clinic,1041,1309,,Mash. East,Goromonzi,Kowoyo - 100742 - Clinic,Mobile,Mobile,Kowoyo - 100742 - Clinic,ZW030227
Mashonaland East,Goromonzi,Kubatsirana,Kubatsirana - 100744 - Clinic,3,892,,Mash. East,Goromonzi,Kubatsirana - 100744 - Clinic,Mobile,Mobile,Kubatsirana - 100744 - Clinic,ZW030248
Mashonaland East,Goromonzi,Makumbe,Makumbe - 100853 - District Hospital,2501,3180,,Mash. East,Goromonzi,Makumbe - 100853 - District Hospital,Mobile,Mobile,Makumbe - 100853 - District Hospital,ZW03020A
Mashonaland East,Goromonzi,Mwanza Rural Health Centre,Mwanza - 101195 - Rural Health Centre,1098,1097,,Mash. East,Goromonzi,Mwanza - 101195 - Rural Health Centre,Mobile,Mobile,Mwanza - 101195 - Rural Health Centre,ZW030203
Mashonaland East,Goromonzi,Rusike,Rusike - 101479 - Clinic,199,834,,Mash. East,Goromonzi,Rusike - 101479 - Clinic,Mobile,Mobile,Rusike - 101479 - Clinic,ZW030249
Mashonaland East,Goromonzi,St Joseph's,St. Joseph's - 101631 - Rural Health,1093,1351,,Mash. East,Goromonzi,St. Joseph's - 101631 - Rural Health,Mobile,Mobile,St. Joseph's - 101631 - Rural Health centre,ZW030252
Mashonaland East,Murewa,Kadzere Rural Health Centre,Kadzere - 100686 - Clinic,842,894,,Mash. East,Murehwa,Kadzere - 100686 - Clinic,Mobile,Mobile,Kadzere - 100686 - Clinic,ZW030727
Mashonaland East,Murewa,St Paul's Musami,St. Paul's Musami - 101638 - Mission,2552,2504,,Mash. East,Murehwa,St. Paul's Musami - 101638 - Mission,Mobile,Mobile,St. Paul's Musami - 101638 - Mission Hospital,ZW03070B
Mashonaland East,Seke,Beatrice Rural,Beatrice - 100049 - Rural Hospital,2685,1233,,Mash. East,Seke,Beatrice - 100049 - Rural Hospital,Mobile,Mobile,Beatrice - 100049 - Rural Hospital,ZW03090A
Mashonaland East,Seke,Jonasi,Jonasi - 100673 - Clinic,1112,1424,,Mash. East,Seke,Jonasi - 100673 - Clinic,Mobile,DPL,Jonasi - 100673 - Clinic,ZW030922
Mashonaland East,Seke,Kunaka,Kunaka - 100746 - Rural Hospital,2601,2705,,Mash. East,Seke,Kunaka - 100746 - Rural Hospital,Mobile,Mobile,Kunaka - 100746 - Rural Hospital,ZW03090B
Mashonaland East,Uzumba Maramba Pfungwe,Mashambanhaka,Mashambanhaka - 100924 - Clinic,618,597,,Mash. East,UMP,Mashambanhaka - 100924 - Clinic,Mobile,DPL,Mashambanhaka - 100924 - Clinic,ZW030332
Mashonaland East,Uzumba Maramba Pfungwe,Tsokodeka,Tsokodeka clinic,86,84,,Mash. East,UMP,Tsokodeka clinic,Mobile,DPL,Tsokodeka clinic,ZW030339
Mashonaland West,Chegutu,Padre Pio Poly,Padre Pio Poly Clinic,1282,1259,,Mash. West,Chegutu,Padre Pio Poly Clinic,DPL,DPL,Padre Pio Poly Clinic,ZW040189
Mashonaland West,Zvimba,Darwendale Rural,Darwendale - 100368 - Rural Hospital,749,1266,,Mash. West,Zvimba,Darwendale - 100368 - Rural Hospital,DPL,DPL,Darwendale - 100368 - Rural Hospital,ZW04070C
Mashonaland West,Mhondoro,Battlefieds,Battlefields,678,1729,,Mash. West,Mhondoro,Battlefields,Mobile,manual,,
Masvingo,Chiredzi,Chiredzi,Chiredzi - 100264 - Hospital,67,4707,,Masvingo,Chiredzi,Chiredzi - 100264 - Hospital,Mobile,Mobile,Chiredzi - 100264 - Hospital,ZW08020A
Masvingo,Chiredzi,Chizvirizvi Rural Health Centre,Chizvirizvi - 100329 - Clinic,241,266,,Masvingo,Chiredzi,Chizvirizvi - 100329 - Clinic,Mobile,Mobile,Chizvirizvi - 100329 - Clinic,ZW080204
Masvingo,Chiredzi,Rupangwana,Rapanguwana - 101442 - Clinic,648,690,,Masvingo,Chiredzi,Rapanguwana - 101442 - Clinic,Mobile,Mobile,Rapanguwana - 101442 - Clinic,ZW080230
Masvingo,Chiredzi,Tshovani,Tsovani - 101715 - Clinic,1677,2491,,Masvingo,Chiredzi,Tsovani - 101715 - Clinic,Mobile,Mobile,Tsovani - 101715 - Clinic,ZW080233
Masvingo,Chivi,Chivi,Chivi - 100319 - Rural Hospital,185,1260,,Masvingo,Chivi,Chivi - 100319 - Rural Hospital,Mobile,Mobile,Chivi - 100319 - Rural Hospital,ZW08030B
Masvingo,Chivi,Mandamabwe Rural Health Centre,Mhandamabwe - 101011 - RHC,1113,1170,,Masvingo,Chivi,Mhandamabwe - 101011 - RHC,Mobile,Mobile,Mhandamabwe - 101011 - Rural Health Centre,ZW080303
Masvingo,Chivi,Nyahombe Rural Health Centre,Nyahombe - 101316 - Clinic,1070,1321,,Masvingo,Chivi,Nyahombe - 101316 - Clinic,Mobile,Mobile,Nyahombe - 101316 - Clinic,ZW080308
Masvingo,Chivi,Zivuku,Zivuku - 101812 - Clinic,687,751,,Masvingo,Chivi,Zivuku - 101812 - Clinic,Mobile,DPL,Zivuku - 101812 - Clinic,ZW080324
Masvingo,Gutu,Chinyika Rural,Chinyika - 100243 - Rural Health Centre,520,719,,Masvingo,Gutu,Chinyika - 100243 - Rural Health Centre,Mobile,Mobile,Chinyika - 100243 - Rural Health Centre,ZW08040D
Masvingo,Gutu,Gutu,Gutu - 100557 - Mission Hospital,412,1360,,Masvingo,Gutu,Gutu - 100557 - Mission Hospital,Mobile,Mobile,Gutu - 100557 - Mission Hospital,ZW08040E
Masvingo,Gutu,Majada Rural Health Centre,Majada - 100833 - Rural Health Centre,107,653,,Masvingo,Gutu,Majada - 100833 - Rural Health Centre,Mobile,manual,,
Masvingo,Gutu,Nemashakwe Rural Health Centre,Nemashakwe - 101224 - Clinic,0,271,,Masvingo,Gutu,Nemashakwe - 101224 - Clinic,Mobile,Mobile,Nemashakwe - 101224 - Clinic,ZW080405
Masvingo,Gutu,Zvavahera Rural Health Centre,Zvavahera - 101824 - Clinic,304,489,,Masvingo,Gutu,Zvavahera - 101824 - Clinic,Mobile,Mobile,Zvavahera - 101824 - Clinic,ZW080409
Masvingo,Masvingo,Bondolfi,Bondolfi - 100082 - Rural Hospital,584,586,,Masvingo,Masvingo,Bondolfi - 100082 - Rural Hospital,Mobile,Mobile,Bondolfi - 100082 - Rural Hospital,ZW080591
Masvingo,Masvingo,Charumbira,Charumbira - 100141 - Clinic,214,463,,Masvingo,Masvingo,Charumbira - 100141 - Clinic,Mobile,Mobile,Charumbira - 100141 - Clinic,ZW080525
Masvingo,Masvingo,Guwa Rural Health Centre,Guwa - 100559 - Clinic,0,510,,Masvingo,Masvingo,Guwa - 100559 - Clinic,Mobile,Mobile,Guwa - 100559 - Clinic,ZW080540
Masvingo,Masvingo,Mapanzure,Mapanzure - 100884 - Clinic,0,648,,Masvingo,Masvingo,Mapanzure - 100884 - Clinic,Mobile,Mobile,Mapanzure - 100884 - Clinic,ZW080528
Masvingo,Masvingo,Morgenster,Mogenester - 101030 - Mission Hospital,2,1351,,Masvingo,Masvingo,Mogenester - 101030 - Mission Hospital,Mobile,Mobile,Mogenester - 101030 - Mission Hospital,ZW08050D
Masvingo,Masvingo,Mucheke,Mucheke - 101077 - Clinic,490,2483,,Masvingo,Masvingo,Mucheke - 101077 - Clinic,Mobile,DPL,Mucheke - 101077 - Clinic,ZW080535
Masvingo,Masvingo,Mushandike Rural Health Centre,Mushandike - 101142 - Clinic,133,834,,Masvingo,Masvingo,Mushandike - 101142 - Clinic,Mobile,Mobile,Mushandike - 101142 - Clinic,ZW080503
Masvingo,Masvingo,Musvovi Rural Health Centre,Musvovi - 101158 - Clinic,305,820,,Masvingo,Masvingo,Musvovi - 101158 - Clinic,Mobile,Mobile,Musvovi - 101158 - Clinic,ZW080504
Masvingo,Masvingo,Nemamwa Rural Health Centre,Nemwanwa - 101228 - Clinic,1000,1350,,Masvingo,Masvingo,Nemwanwa - 101228 - Clinic,Mobile,Mobile,Nemwanwa - 101228 - Clinic,ZW080506
Masvingo,Masvingo,Ngomahuru Rural Health Centre,Ngomahuru - 101253 - RHC,212,336,,Masvingo,Masvingo,Ngomahuru - 101253 - RHC,Mobile,Mobile,Ngomahuru - 101253 - Rural Health Centre,ZW080544
Masvingo,Masvingo,Nyajena Rural,Nyajena - 101321 - Rural Hospital,91,764,,Masvingo,Masvingo,Nyajena - 101321 - Rural Hospital,Mobile,Mobile,Nyajena - 101321 - Rural Hospital,ZW08050C
Masvingo,Masvingo,Nyikavanhu Rural Health Centre,Nyikavanhu - 101386 - RHC,319,1019,,Masvingo,Masvingo,Nyikavanhu - 101386 - RHC,Mobile,Mobile,Nyikavanhu - 101386 - Rural Health Centre,ZW080507
Masvingo,Masvingo,Renco Mine,Renco - 101449 - Mine Clinic,0,384,,Masvingo,Masvingo,Renco - 101449 - Mine Clinic,Mobile,Mobile,Renco - 101449 - Mine Clinic,ZW080576
Masvingo,Masvingo,Rujeko,Rujeko - 101468 - Clinic,1085,1483,,Masvingo,Masvingo,Rujeko - 101468 - Clinic,Mobile,DPL,Rujeko - 101468 - Clinic,ZW080582
Masvingo,Masvingo,Rukovo,Rukovo - 101470 - Clinic,63,515,,Masvingo,Masvingo,Rukovo - 101470 - Clinic,Mobile,Mobile,Rukovo - 101470 - Clinic,ZW080532
Masvingo,Masvingo,Runyararo,Runyararo NW Council Clinic,1343,2183,,Masvingo,Masvingo,Runyararo NW Council Clinic,Mobile,DPL,Runyararo - 101473 - Clinic,612
Masvingo,Masvingo,Shonganiso,Shonganiso - 101566 - Clinic,389,386,,Masvingo,Masvingo,Shonganiso - 101566 - Clinic,Mobile,DPL,Shonganiso - 101566 - Clinic,ZW080592
Masvingo,Masvingo,Shumba,Shumba - 101569 - Clinic,1,807,,Masvingo,Masvingo,Shumba - 101569 - Clinic,Mobile,Mobile,Shumba - 101569 - Clinic,ZW080533
Masvingo,Masvingo,Zimuto BC,Zimuto BC-101885-Clinic,42,371,,Masvingo,Masvingo,Zimuto BC-101885-Clinic,Mobile,Mobile,Zimuto BC-101885-Clinic,ZW080534
Masvingo,Mwenezi,Chimbudzi Rural Health Centre,Chimbudzi - 100211 - Clinic,462,571,,Masvingo,Mwenezi,Chimbudzi - 100211 - Clinic,Mobile,Mobile,Chimbudzi - 100211 - Clinic,ZW080601
Masvingo,Mwenezi,Neshuro,Neshuro - 101232 - District Hospital,94,1521,,Masvingo,Mwenezi,Neshuro - 101232 - District Hospital,Mobile,Mobile,Neshuro - 101232 - District Hospital,ZW08060A
Masvingo,Zaka,Bvukururu,Bvukururu - 100110 - Clinic,780,783,,Masvingo,Zaka,Bvukururu - 100110 - Clinic,Mobile,DPL,Bvukururu - 100110 - Clinic,ZW080726
Masvingo,Zaka,Jerera Satellite,Jerera - 100659 - Satelite Clinic,2,975,,Masvingo,Zaka,Jerera - 100659 - Satelite Clinic,Mobile,Mobile,Jerera - 100659 - Satelite Clinic,ZW080739
Masvingo,Zaka,Musiso,Musiso - 101153 - Mission Hospital,8,1691,,Masvingo,Zaka,Musiso - 101153 - Mission Hospital,Mobile,Mobile,Musiso - 101153 - Mission Hospital,ZW08070C
Masvingo,Zaka,Ndanga,Ndanga - 101210 - Hospital,263,2815,,Masvingo,Zaka,Ndanga - 101210 - Hospital,Mobile,Mobile,Ndanga - 101210 - Hospital,ZW08070A
Masvingo,Zaka,Svuure Rural Health Centre,Svuvure - 101665 - Rural Health Hospital,428,529,,Masvingo,Zaka,Svuvure - 101665 - Rural Health Hospital,Mobile,Mobile,Svuvure - 101665 - Rural Health Hospital,ZW080704
Matabeleland North,Bubi,Membeswana Rural Health Centre,Mbembeswana - 100990 - RHC,623,732,,Mat. North,Bubi,Mbembeswana - 100990 - RHC,Mobile,Mobile,Mbembeswana - 100990 - Rural Health Centre,ZW060525
Matabeleland North,Lupane,Lupane Rural Health Centre,Lupane - 100781 - Rural Health Centre,1937,1904,,Mat. North,Lupane,Lupane - 100781 - Rural Health Centre,Mobile,Mobile,Lupane - 100781 - Rural Health Centre,ZW050406
Matabeleland North,Nkayi,Dakamela Rural,Dakamela - 100357 - Rural Hospital,512,875,,Mat. North,Nkayi,Dakamela - 100357 - Rural Hospital,Mobile,Mobile,Dakamela - 100357 - Rural Hospital,ZW05050B
Matabeleland North,Nkayi,Nkayi,Nkayi - 101275 - District Hospital,616,1530,,Mat. North,Nkayi,Nkayi - 101275 - District Hospital,Mobile,Mobile,Nkayi - 101275 - District Hospital,ZW05050A
Matabeleland North,Umguza,Mbembesi Rural health Centre,Mbembesi - 100989 - Rural Health Centre,827,1076,,Mat. North,Umguza,Mbembesi - 100989 - Rural Health Centre,Mobile,Mobile,Mbembesi - 100989 - Rural Health Centre,ZW050733
Matabeleland North,Umguza,Nyamandlovu,Nyamandlovu - 101332 - Hospital,996,1111,,Mat. North,Umguza,Nyamandlovu - 101332 - Hospital,Mobile,Mobile,Nyamandlovu - 101332 - Hospital,ZW05070A
Matabeleland North,Umguza,Redwood,Redwood - 101447 - Clinic,130,651,,Mat. North,Umguza,Redwood - 101447 - Clinic,Mobile,Mobile,Redwood - 101447 - Clinic,599
Matabeleland South,Beitbridge,Dulibadzimu,Dulibadzimu - 100423 - Clinic,1817,1722,,Mat. South,Beitbridge,Dulibadzimu - 100423 - Clinic,Mobile,Mobile,Dulibadzimu - 100423 - Clinic,ZW060126
Matabeleland South,Beitbridge,Mtetengwe,Mtetengwe - 101069 - Clinic,806,853,,Mat. South,Beitbridge,Mtetengwe - 101069 - Clinic,Mobile,Mobile,Mtetengwe - 101069 - Clinic,ZW060179
Matabeleland South,Beitbridge,Zezani,Zezane - 101787 - Clinic,981,1202,,Mat. South,Beitbridge,Zezane - 101787 - Clinic,Mobile,Mobile,Zezane - 101787 - Clinic,ZW060131
Matabeleland South,Bulilima,Lady Barring Rural,Lady Barring - 100755 - Mission Hospital,757,765,,Mat. South,Bulilima,Lady Barring - 100755 - Mission Hospital,Mobile,Mobile,Lady Barring - 100755 - Mission Hospital,ZW06020B
Matabeleland South,Bulilima,Ndiweni,Ndiweni - 101211 - Clinic,797,785,,Mat. South,Bulilima,Ndiweni - 101211 - Clinic,Mobile,Mobile,Ndiweni - 101211 - Clinic,ZW060230
Matabeleland South,Bulilima,Sikhathini,Sikhatini - 101585 - Clinic,793,811,,Mat. South,Bulilima,Sikhatini - 101585 - Clinic,Mobile,Mobile,Sikhatini - 101585 - Clinic,ZW060231
Matabeleland South,Gwanda,Manama,Manama - 100867 - Mission Hospital,668,1001,,Mat. South,Gwanda,Manama - 100867 - Mission Hospital,Mobile,Mobile,Manama - 100867 - Mission Hospital,ZW06030B
Matabeleland South,Gwanda,Selonga,Selonga - 101536 - Rural Health Centre,815,946,,Mat. South,Gwanda,Selonga - 101536 - Rural Health Centre,Mobile,Mobile,Selonga - 101536 - Rural Health Centre,ZW060363
Matabeleland South,Insiza,Nkankezi Rural Health Centre,Nkankezi - 101274 - Rural Health Centre,1302,1200,,Mat. South,Insiza,Nkankezi - 101274 - Rural Health Centre,Mobile,Mobile,Nkankezi - 101274 - Rural Health Centre,ZW060405
Matabeleland South,Insiza,Shangani,Shangani - 101557 - Rural Hospital,775,1619,,Mat. South,Insiza,Shangani - 101557 - Rural Hospital,Mobile,Mobile,Shangani - 101557 - Rural Hospital,ZW06040B
Matabeleland South,Insiza,Singwango,Singwango - 101603 - Clinic,913,953,,Mat. South,Insiza,Singwango - 101603 - Clinic,Mobile,Mobile,Singwango - 101603 - Clinic,ZW060425
Matabeleland South,Insiza,Zhulube,Zhulube - 101793 - Clinic,825,1153,,Mat. South,Insiza,Zhulube - 101793 - Clinic,Mobile,Mobile,Zhulube - 101793 - Clinic,ZW060426
Matabeleland South,Mangwe,Bango Rural Health Centre,Bango - 100042 - Clinic,595,601,,Mat. South,Mangwe,Bango - 100042 - Clinic,Mobile,Mobile,Bango - 100042 - Clinic,ZW060709
Matabeleland South,Mangwe,Dingumuzi,Dingumuzi - 100394 - Clinic,600,677,,Mat. South,Mangwe,Dingumuzi - 100394 - Clinic,Mobile,Mobile,Dingumuzi - 100394 - Clinic,ZW060745
Matabeleland South,Mangwe,Ingwizi Rural Health Centre,Ingwizi - 100639 - Clinic,1145,1311,,Mat. South,Mangwe,Ingwizi - 100639 - Clinic,Mobile,Mobile,Ingwizi - 100639 - Clinic,ZW060703
Matabeleland South,Mangwe,Sanzukwi,SANZUKWI - 101529 - Clinic,644,691,,Mat. South,Mangwe,SANZUKWI - 101529 - Clinic,Mobile,Mobile,SANZUKWI - 101529 - Clinic,ZW060733
Matabeleland South,Mangwe,St Annes Mission Hospital (Brunapeg),St. Annes Brunapeg - 101642 - Mission,722,943,,Mat. South,Mangwe,St. Annes Brunapeg - 101642 - Mission,Mobile,Mobile,St. Annes Brunapeg - 101642 - Mission Hospital,ZW06070D
Matabeleland South,Mangwe,Tshitshi,Tshitshi - 101712 - Clinic,875,940,,Mat. South,Mangwe,Tshitshi - 101712 - Clinic,Mobile,Mobile,Tshitshi - 101712 - Clinic,ZW060732
Matabeleland South,Matobo,Kezi Rural,Kezi - 100732 - Rural Hospital,1064,1145,,Mat. South,Matobo,Kezi - 100732 - Rural Hospital,Mobile,Mobile,Kezi - 100732 - Rural Hospital,ZW06050B
Matabeleland South,Matobo,Matopo Rural,Matobo Rural - 100957 - Rural Hospital,247,270,,Mat. South,Matobo,Matobo Rural - 100957 - Rural Hospital,Mobile,Mobile,Matobo Rural - 100957 - Rural Hospital,ZW06050C
Matabeleland South,Matobo,Natisa Rural Health Centre,Natisa - 101208 - Rural Health Centre,757,780,,Mat. South,Matobo,Natisa - 101208 - Rural Health Centre,Mobile,Mobile,Natisa - 101208 - Rural Health Centre,ZW060501
Matabeleland South,Matobo,St Joseph's,St. Joseph's - 101644 - Rural Hospital,952,936,,Mat. South,Matobo,St. Joseph's - 101644 - Rural Hospital,Mobile,Mobile,St. Joseph's - 101644 - Rural Hospital,ZW06050E
Matabeleland South,Matobo,Tshelanyemba,Tshelanyemba - 101711 - Mission Hospital,256,1605,,Mat. South,Matobo,Tshelanyemba - 101711 - Mission Hospital,Mobile,Mobile,Tshelanyemba - 101711 - Mission Hospital,ZW06050D
Matabeleland South,Umzingwane,Habane,Habani - 100578 - Clinic,226,543,,Mat. South,Umzingwane,Habani - 100578 - Clinic,Mobile,Mobile,Habani - 100578 - Clinic,ZW060626
Matabeleland South,Umzingwane,How Mine,How Mine - 100610 - Mine Clinic,353,378,,Mat. South,Umzingwane,How Mine - 100610 - Mine Clinic,Mobile,Mobile,How Mine - 100610 - Mine Clinic,ZW060676
Matabeleland South,Umzingwane,Mawabeni,Mawabeni - 100969 - Clinic,1004,824,,Mat. South,Umzingwane,Mawabeni - 100969 - Clinic,Mobile,DPL,Mawabeni - 100969 - Clinic,ZW060627
Matabeleland South,Umzingwane,Nhlangano,Nhlangano - 101269 - Clinic,716,720,,Mat. South,Umzingwane,Nhlangano - 101269 - Clinic,Mobile,Mobile,Nhlangano - 101269 - Clinic,ZW060629
Matabeleland South,Umzingwane,Ntshamathe,Ntshamathe - 101304 - Clinic,259,449,,Mat. South,Umzingwane,Ntshamathe - 101304 - Clinic,Mobile,Mobile,Ntshamathe - 101304 - Clinic,ZW060631
Matabeleland South,Umzingwane,Mzingwane RHC,Umzingwane - 101725 - Clinic,269,357,,Mat. South,Umzingwane,Umzingwane - 101725 - Clinic,Mobile,Mobile,Umzingwane - 101725 - Clinic,ZW060606
Matabeleland South,Umzingwane,Zimbili,Zimbili - 101911 - Clinic,216,227,,Mat. South,Umzingwane,Zimbili - 101911 - Clinic,Mobile,Mobile,Zimbili - 101911 - Clinic,ZW060634
Midlands,Gweru,Somabhula,Somabula - 101613 - Clinic,380,354,,Midlands,Gweru,Somabula - 101613 - Clinic,Mobile,DPL,Somabula - 101613 - Clinic,ZW070445
Midlands,Kwekwe,Sherwood,Sherwood - 101561 - Clinic,531,773,,Midlands,Kwekwe,Sherwood - 101561 - Clinic,Mobile,DPL,Sherwood - 101561 - Clinic,ZW070566
Matabeleland North,Bubi,Mdutshane Rural Health Centre,Mdutshane - 101002 - Clinic,415,460,,Matabeleland North,Bubi,Mdutshane - 101002 - Clinic,,Mobile,Mdutshane - 101002 - Clinic,ZW050230
Matabeleland North,Bubi,Turk Mine,Turk Mine - 101720 - Mine Clinic,136,136,,Matabeleland North,Bubi,Turk Mine - 101720 - Mine Clinic,,Mobile,Turk Mine - 101720 - Mine Clinic,
Matabeleland North,Nkayi,Fanisoni,Fanison - 100461 - Rural Health Centre,231,312,,Matabeleland North,Nkayi,Fanison - 100461 - Rural Health Centre,,Mobile,Fanison - 100461 - Rural Health Centre,ZW050525
Matabeleland North,Nkayi,Gwelutshena,Gwelutshena - 100569 - Rural Health Centre,1057,1119,,Matabeleland North,Nkayi,Gwelutshena - 100569 - Rural Health Centre,,Mobile,Gwelutshena - 100569 - Rural Health Centre,ZW050533
Matabeleland North,Nkayi,Mateme Rural Health Centre,Mateme - 100949 - Rural Health Centre,527,556,,Matabeleland North,Nkayi,Mateme - 100949 - Rural Health Centre,,Mobile,Mateme - 100949 - Rural Health Centre,ZW050502
Matabeleland North,Nkayi,Nesigwe,Nesigwe - 101233 - Rural Health Centre,668,693,,Matabeleland North,Nkayi,Nesigwe - 101233 - Rural Health Centre,,Mobile,Nesigwe - 101233 - Rural Health Centre,ZW050526
Matabeleland North,Tsholotsho,Shaba Clinc,Shaba Clinc,421,462,,Matabeleland North,Tsholotsho,Shaba - 101546 - Council Clinic,,Mobile,Shaba - 101546 - Council Clinic,643
Matabeleland South,Bulilima,Lady Stanley Rural,Lady Stanley - 100756 - Mission Hospital,701,919,,Matabeleland South,Bulilima,Lady Stanley - 100756 - Mission Hospital,,Mobile,Lady Stanley - 100756 - Mission Hospital,ZW06020C
Matabeleland South,Gwanda,Garanyemba,Garanyemba - 100490 - Clinic,250,821,,Matabeleland South,Gwanda,Garanyemba - 100490 - Clinic,,Mobile,Garanyemba - 100490 - Clinic,ZW060331
Matabeleland South,Gwanda,Phakama,Pakama - 101403 - Clinic,2425,2814,,Matabeleland South,Gwanda,Pakama - 101403 - Clinic,,Mobile,Pakama - 101403 - Clinic,ZW060362
Matabeleland South,Gwanda,Sengezane,Sengezani - 101540 - Rural Health Centre,995,1093,,Matabeleland South,Gwanda,Sengezani - 101540 - Rural Health Centre,,Mobile,Sengezani - 101540 - Rural Health Centre,642
Matabeleland South,Mangwe,Madabe,Madabe - 100800 - Clinic,773,948,,Matabeleland South,Mangwe,Madabe - 100800 - Clinic,,Mobile,Madabe - 100800 - Clinic,ZW060727
Matabeleland South,Mangwe,Mayobodo Rural Health Centre,Mayobodo - 100972 - Rural Health Centre,660,762,,Matabeleland South,Mangwe,Mayobodo - 100972 - Rural Health Centre,,Mobile,Mayobodo - 100972 - Rural Health Centre,ZW060707
Matabeleland South,Matobo,Maphisa,Maphisa - 100890 - District Hospital,1841,2232,,Matabeleland South,Matobo,Maphisa - 100890 - District Hospital,,DPL,Maphisa - 100890 - District Hospital,ZW06050A
